STUDENT,YEAR,COURSE,SCHOOL YR,SEMESTER,LECTURE DAYS,LECTURE HRS,DISCUSSION DAY,DISCUSSION HR,PS 1,PS 2,PS 3,LE1,LE2,LE3,LE4,Fi0l Grade,Numerical,,,,,,,,,,
1,2023,BS CS,2024-2025,1st,"W,F",7:00-8:30,T,7:00-8:00,22,13,28,13,8,17,0,51.93,3.00,,,,,,,,,,
2,2024,BS ChE,2024-2025,1st,"W,F",7:00-8:30,T,7:00-8:00,19,18,25,25,18,21,19,76.06,1.75,,,,,,,,,,
3,2023,BS Bio,2024-2025,1st,"W,F",7:00-8:30,T,7:00-8:00,20,21,26,25,20,15,23,79.11,1.75,,,,,,,,,,
4,2024,BS CoE,2024-2025,1st,"W,F",7:00-8:30,T,7:00-8:00,16,25,26,18,16,15,16,64.11,2.50,,,,,,,,,,
5,2024,BS CoE,2024-2025,1st,"W,F",7:00-8:30,T,7:00-8:00,19,23,18,19,20,16,20,70.83,2.00,,,,,,,,,,
7,2024,BS EE,2024-2025,1st,"W,F",7:00-8:30,T,7:00-8:00,27,27,27,20,21,20,18,73.87,2.00,,,,,,,,,,
8,2024,BS ChE,2024-2025,1st,"W,F",7:00-8:30,T,7:00-8:00,23,22,26,22,21,11,16,70.83,2.00,,,,,,,,,,
9,2023,BS Arch,2024-2025,1st,"W,F",7:00-8:30,T,7:00-8:00,23,27,18,21,22,20,24,78.39,1.75,,,,,,,,,,
10,2024,BS ChE,2024-2025,1st,"W,F",7:00-8:30,T,7:00-8:00,27,21,24,20,21,16,21,74.59,2.00,,,,,,,,,,
11,2024,BS EE,2024-2025,1st,"W,F",7:00-8:30,T,7:00-8:00,22,22,25,19,20,16,16,68.50,2.25,,,,,,,,,,
12,2024,BS ChE,2024-2025,1st,"W,F",7:00-8:30,T,7:00-8:00,23,24,29,24,19,15,20,75.94,1.75,,,,,,,,,,
13,2024,BS ECE,2024-2025,1st,"W,F",7:00-8:30,T,7:00-8:00,16,22,21,21,16,17,0,62.93,2.50,,,,,,,,,,
14,2024,BS ECE,2024-2025,1st,"W,F",7:00-8:30,T,7:00-8:00,15,9,17,18,22,13,16,65.70,2.25,,,,,,,,,,
15,2024,BS CoE,2024-2025,1st,"W,F",7:00-8:30,T,7:00-8:00,0,7,0,0,0,0,0,5.15,5.00,,,,,,,,,,
16,2024,BS CoE,2024-2025,1st,"W,F",7:00-8:30,T,7:00-8:00,23,20,26,20,21,12,13,64.52,2.50,,,,,,,,,,
17,2024,BS EE,2024-2025,1st,"W,F",7:00-8:30,T,7:00-8:00,23,20,20,23,20,22,19,76.17,1.75,,,,,,,,,,
18,2023,BS Geol,2024-2025,1st,"W,F",7:00-8:30,T,7:00-8:00,29,28,30,23,17,19,20,76.33,1.75,,,,,,,,,,
19,2024,BS EE,2024-2025,1st,"W,F",7:00-8:30,T,7:00-8:00,29,29,28,26,25,23,24,87.06,1.25,,,,,,,,,,
20,2024,BS EE,2024-2025,1st,"W,F",7:00-8:30,T,7:00-8:00,17,0,0,10,11,0,0,24.72,5.00,,,,,,,,,,
21,2024,BS ChE,2024-2025,1st,"W,F",7:00-8:30,T,7:00-8:00,25,29,30,17,15,14,0,61.93,2.50,,,,,,,,,,
22,2023,BS Bio,2024-2025,1st,"W,F",7:00-8:30,T,7:00-8:00,21,16,9,22,19,12,17,67.67,2.25,,,,,,,,,,
23,2024,BS EE,2024-2025,1st,"W,F",7:00-8:30,T,7:00-8:00,25,19,26,18,18,13,20,69.44,2.25,,,,,,,,,,
24,2022,BS CE,2024-2025,1st,"W,F",8:30-10:00,T,8:45-9:45,17,21,0,14,10,12,9,46.78,4.00,,,,,,,,,,
25,2024,BS EE,2024-2025,1st,"W,F",8:30-10:00,T,8:45-9:45,18,22,28,15,14,11,17,59.82,2.75,,,,,,,,,,
26,2024,BS ECE,2024-2025,1st,"W,F",8:30-10:00,T,8:45-9:45,26,25,28,21,23,16,19,75.34,1.75,,,,,,,,,,
27,2024,BS CoE,2024-2025,1st,"W,F",8:30-10:00,T,8:45-9:45,21,1,20,17,17,14,0,56.40,2.75,,,,,,,,,,
28,2024,BS ECE,2024-2025,1st,"W,F",8:30-10:00,T,8:45-9:45,29,26,30,17,12,16,15,64.21,2.50,,,,,,,,,,
29,2024,BS ECE,2024-2025,1st,"W,F",8:30-10:00,T,8:45-9:45,25,21,22,16,12,10,15,53.86,3.00,,,,,,,,,,
30,2024,BS ECE,2024-2025,1st,"W,F",8:30-10:00,T,8:45-9:45,24,30,26,16,15,0,14,59.39,2.75,,,,,,,,,,
31,2024,BS CoE,2024-2025,1st,"W,F",8:30-10:00,T,8:45-9:45,12,15,16,0,16,12,10,44.61,5.00,,,,,,,,,,
32,2024,BS ECE,2024-2025,1st,"W,F",8:30-10:00,T,8:45-9:45,23,19,21,25,18,21,23,78.60,1.75,,,,,,,,,,
33,2024,BS CoE,2024-2025,1st,"W,F",8:30-10:00,T,8:45-9:45,24,25,28,18,11,16,10,61.06,2.50,,,,,,,,,,
34,2024,BS ECE,2024-2025,1st,"W,F",8:30-10:00,T,8:45-9:45,22,24,22,28,22,14,19,80.06,1.50,,,,,,,,,,
35,2024,BS IE,2024-2025,1st,"W,F",8:30-10:00,T,8:45-9:45,22,20,28,21,16,18,20,70.84,2.00,,,,,,,,,,
36,2024,BS ChE,2024-2025,1st,"W,F",8:30-10:00,T,8:45-9:45,24,20,24,25,24,21,0,81.29,1.50,,,,,,,,,,
37,2024,BS CoE,2024-2025,1st,"W,F",8:30-10:00,T,8:45-9:45,18,24,24,25,19,21,25,81.10,1.50,,,,,,,,,,
38,2022,BS CS,2024-2025,1st,"W,F",8:30-10:00,T,8:45-9:45,21,21,26,9,7,8,0,41.81,5.00,,,,,,,,,,
39,2024,BS ECE,2024-2025,1st,"W,F",8:30-10:00,T,8:45-9:45,29,27,24,25,20,20,20,78.06,1.75,,,,,,,,,,
40,2024,BS ChE,2024-2025,1st,"W,F",8:30-10:00,T,8:45-9:45,22,26,24,24,22,16,22,78.10,1.75,,,,,,,,,,
41,2024,BS EE,2024-2025,1st,"W,F",8:30-10:00,T,8:45-9:45,28,13,2,25,14,19,21,71.24,2.00,,,,,,,,,,
42,2024,BS ECE,2024-2025,1st,"W,F",8:30-10:00,T,8:45-9:45,23,8,23,19,19,13,19,66.13,2.25,,,,,,,,,,
43,2024,BS ChE,2024-2025,1st,"W,F",8:30-10:00,T,8:45-9:45,27,26,27,20,18,12,20,72.22,2.00,,,,,,,,,,
44,2024,BS ECE,2024-2025,1st,"W,F",8:30-10:00,T,8:45-9:45,28,27,28,25,22,20,23,82.96,1.50,,,,,,,,,,
45,2024,BS ECE,2024-2025,1st,"W,F",8:30-10:00,T,8:45-9:45,24,25,27,18,15,12,13,61.14,2.50,,,,,,,,,,
46,2024,BS EE,2024-2025,1st,"W,F",8:30-10:00,T,8:45-9:45,19,22,20,16,18,15,0,59.68,2.75,,,,,,,,,,
47,2024,BS ECE,2024-2025,1st,"W,F",8:30-10:00,T,8:45-9:45,23,26,29,17,9,17,16,65.33,2.25,,,,,,,,,,
48,2024,BS ChE,2024-2025,1st,"W,F",8:30-10:00,T,8:45-9:45,23,21,27,19,18,14,23,73.39,2.00,,,,,,,,,,
49,2024,BS ChE,2024-2025,1st,"W,F",8:30-10:00,T,8:45-9:45,21,20,28,11,15,12,11,54.33,3.00,,,,,,,,,,
50,2024,BS ECE,2024-2025,1st,"W,F",8:30-10:00,T,8:45-9:45,28,26,28,22,15,18,10,68.84,2.25,,,,,,,,,,
51,2024,BS CE,2024-2025,1st,"W,F",8:30-10:00,T,8:45-9:45,29,25,29,16,17,17,14,64.70,2.50,,,,,,,,,,
52,2024,BS ChE,2024-2025,1st,"W,F",8:30-10:00,T,8:45-9:45,24,23,24,28,21,22,0,81.57,1.50,,,,,,,,,,
53,2022,BS MBB,2023-2024,1st,"T,Th",7:00-8:30,W,7:00-8:00,30,29,26,23,22,23,24,83.33,1.50,,,,,,,,,,
54,2022,BS Arch,2023-2024,1st,"T,Th",7:00-8:30,W,7:00-8:00,22,3,28,14,13,16,18,57.49,2.75,,,,,,,,,,
55,2022,BS MBB,2023-2024,1st,"T,Th",7:00-8:30,W,7:00-8:00,26,29,29,23,25,22,27,87.50,1.25,,,,,,,,,,
56,2022,BS Chem,2023-2024,1st,"T,Th",7:00-8:30,W,7:00-8:00,23,1,17,18,13,12,14,53.56,3.00,,,,,,,,,,
57,2022,BS Chem,2023-2024,1st,"T,Th",7:00-8:30,W,7:00-8:00,25,27,20,21,19,19,21,72.77,2.00,,,,,,,,,,
58,2022,BS MBB,2023-2024,1st,"T,Th",7:00-8:30,W,7:00-8:00,30,30,29,22,26,23,25,86.67,1.25,,,,,,,,,,
59,2019,BS Chem,2023-2024,1st,"T,Th",7:00-8:30,W,7:00-8:00,26,25,19,19,18,19,17,69.28,2.25,,,,,,,,,,
60,2022,BS Chem,2023-2024,1st,"T,Th",7:00-8:30,W,7:00-8:00,26,24,14,18,11,16,19,64.98,2.50,,,,,,,,,,
61,2022,BS MBB,2023-2024,1st,"T,Th",7:00-8:30,W,7:00-8:00,30,30,29,26,27,24,28,92.50,1.00,,,,,,,,,,
62,2022,BS Chem,2023-2024,1st,"T,Th",7:00-8:30,W,7:00-8:00,25,26,15,17,14,12,9,56.70,2.75,,,,,,,,,,
63,2022,BS MBB,2023-2024,1st,"T,Th",7:00-8:30,W,7:00-8:00,30,30,29,25,21,24,26,87.50,1.25,,,,,,,,,,
64,2022,BS MBB,2023-2024,1st,"T,Th",7:00-8:30,W,7:00-8:00,30,29,29,27,26,25,0,90.00,1.00,,,,,,,,,,
65,2022,BS Arch,2023-2024,1st,"T,Th",7:00-8:30,W,7:00-8:00,8,13,14,15,8,9,6,40.69,5.00,,,,,,,,,,
66,2021,BS Chem,2023-2024,1st,"T,Th",7:00-8:30,W,7:00-8:00,19,13,18,15,15,0,12,50.30,3.00,,,,,,,,,,
67,2022,BS MBB,2023-2024,1st,"T,Th",7:00-8:30,W,7:00-8:00,29,30,29,28,23,24,25,89.17,1.25,,,,,,,,,,
68,2022,BS Chem,2023-2024,1st,"T,Th",7:00-8:30,W,7:00-8:00,25,26,10,19,16,14,17,64.38,2.50,,,,,,,,,,
69,2022,BS MBB,2023-2024,1st,"T,Th",7:00-8:30,W,7:00-8:00,30,30,29,29,25,23,28,93.33,1.00,,,,,,,,,,
70,2022,BS Chem,2023-2024,1st,"T,Th",7:00-8:30,W,7:00-8:00,25,27,25,14,22,21,17,74.67,2.00,,,,,,,,,,
71,2022,BS MBB,2023-2024,1st,"T,Th",7:00-8:30,W,7:00-8:00,30,30,27,21,20,17,18,73.70,2.00,,,,,,,,,,
72,2022,BS MBB,2023-2024,1st,"T,Th",7:00-8:30,W,7:00-8:00,27,27,22,22,18,13,22,75.56,1.75,,,,,,,,,,
73,2022,BS Chem,2023-2024,1st,"T,Th",7:00-8:30,W,7:00-8:00,25,26,22,16,19,16,13,65.48,2.25,,,,,,,,,,
74,2022,BS Chem,2023-2024,1st,"T,Th",7:00-8:30,W,7:00-8:00,24,26,15,14,13,7,9,46.72,4.00,,,,,,,,,,
75,2022,BS MBB,2023-2024,1st,"T,Th",7:00-8:30,W,7:00-8:00,30,30,28,23,19,16,0,73.33,2.00,,,,,,,,,,
76,2022,BS MBB,2023-2024,1st,"T,Th",7:00-8:30,W,7:00-8:00,28,30,25,24,24,20,24,84.22,1.50,,,,,,,,,,
77,2023,BS EM,2023-2024,2nd,"T,Th",7:00-8:30,F,7:00-8:00,20,27,23,9,7,13,13,53.94,3.00,,,,,,,,,,
78,2021,BS IE,2023-2024,2nd,"T,Th",7:00-8:30,F,7:00-8:00,29,29,29,18,18,15,24,75.00,1.75,,,,,,,,,,
79,2023,BS ChE,2023-2024,2nd,"T,Th",7:00-8:30,F,7:00-8:00,30,30,30,16,19,16,0,67.50,2.25,,,,,,,,,,
80,2023,BS CS,2023-2024,2nd,"T,Th",7:00-8:30,F,7:00-8:00,28,28,30,22,25,22,24,84.17,1.50,,,,,,,,,,
81,2023,BS CS,2023-2024,2nd,"T,Th",7:00-8:30,F,7:00-8:00,28,17,25,17,18,15,24,74.06,2.00,,,,,,,,,,
82,2023,BS CS,2023-2024,2nd,"T,Th",7:00-8:30,F,7:00-8:00,28,25,29,22,20,21,25,81.67,1.50,,,,,,,,,,
83,2023,BS CS,2023-2024,2nd,"T,Th",7:00-8:30,F,7:00-8:00,25,22,14,20,23,15,0,70.60,2.00,,,,,,,,,,
84,2023,BS IE,2023-2024,2nd,"T,Th",7:00-8:30,F,7:00-8:00,25,28,29,15,12,14,0,57.31,2.75,,,,,,,,,,
85,2023,BS CS,2023-2024,2nd,"T,Th",7:00-8:30,F,7:00-8:00,28,23,28,23,22,16,0,75.83,1.75,,,,,,,,,,
86,2023,BS CE,2023-2024,2nd,"T,Th",7:00-8:30,F,7:00-8:00,30,30,29,20,17,13,17,69.90,2.25,,,,,,,,,,
87,2023,BS CS,2023-2024,2nd,"T,Th",7:00-8:30,F,7:00-8:00,27,25,25,22,22,17,24,80.71,1.50,,,,,,,,,,
88,2023,BS ME,2023-2024,2nd,"T,Th",7:00-8:30,F,7:00-8:00,29,29,29,15,19,11,0,62.12,2.50,,,,,,,,,,
89,2023,BS CS,2023-2024,2nd,"T,Th",7:00-8:30,F,7:00-8:00,29,29,27,27,20,22,26,86.36,1.25,,,,,,,,,,
90,2023,BS CS,2023-2024,2nd,"T,Th",7:00-8:30,F,7:00-8:00,29,21,25,20,20,21,0,75.83,1.75,,,,,,,,,,
91,2023,BS IE,2023-2024,2nd,"T,Th",7:00-8:30,F,7:00-8:00,28,30,27,14,16,6,0,53.48,3.00,,,,,,,,,,
92,2014,BS Arch,2023-2024,2nd,"T,Th",7:00-8:30,F,7:00-8:00,29,29,18,16,16,18,0,65.52,2.25,,,,,,,,,,
93,2023,BS CS,2023-2024,2nd,"T,Th",7:00-8:30,F,7:00-8:00,29,29,30,27,26,21,25,90.00,1.00,,,,,,,,,,
94,2023,BS CS,2023-2024,2nd,"T,Th",7:00-8:30,F,7:00-8:00,17,18,23,11,11,15,0,50.61,3.00,,,,,,,,,,
95,2023,BS CS,2023-2024,2nd,"T,Th",7:00-8:30,F,7:00-8:00,27,28,29,14,25,16,20,74.79,2.00,,,,,,,,,,
96,2023,BS IE,2023-2024,2nd,"T,Th",7:00-8:30,F,7:00-8:00,29,29,30,18,16,19,0,68.83,2.25,,,,,,,,,,
97,2023,BS MetE,2023-2024,2nd,"T,Th",7:00-8:30,F,7:00-8:00,30,30,29,11,9,12,17,53.67,3.00,,,,,,,,,,
98,2023,BS Math,2023-2024,2nd,"T,Th",8:30-10:00,F,8:45-9:45,30,18,17,21,18,18,0,68.68,2.25,,,,,,,,,,
99,2022,BS Arch,2023-2024,2nd,"T,Th",8:30-10:00,F,8:45-9:45,30,29,30,12,11,13,12,55.08,2.75,,,,,,,,,,
100,2022,BS Arch,2023-2024,2nd,"T,Th",8:30-10:00,F,8:45-9:45,30,30,30,12,7,13,11,53.83,3,,,,,,,,,,
101,2021,BS Arch,2023-2024,2nd,"T,Th",8:30-10:00,F,8:45-9:45,30,20,30,13,9,13,0,51.56,3,,,,,,,,,,
102,2023,BS Math,2023-2024,2nd,"T,Th",8:30-10:00,F,8:45-9:45,30,23,20,16,7,16,0,54.98,3,,,,,,,,,,
103,2023,BS Math,2023-2024,2nd,"T,Th",8:30-10:00,F,8:45-9:45,30,22,25,14,13,20,0,63.61,2.5,,,,,,,,,,
104,2023,BS Math,2023-2024,2nd,"T,Th",8:30-10:00,F,8:45-9:45,30,25,22,21,23,20,24,81.67,1.5,,,,,,,,,,
105,2022,BS Arch,2023-2024,2nd,"T,Th",8:30-10:00,F,8:45-9:45,30,30,30,11,12,12,0,52.55,3,,,,,,,,,,
106,2023,BS Math,2023-2024,2nd,"T,Th",8:30-10:00,F,8:45-9:45,30,28,22,14,16,18,20,69.88,2.25,,,,,,,,,,
107,2022,BS Arch,2023-2024,2nd,"T,Th",8:30-10:00,F,8:45-9:45,30,29,30,10,9,6,11,47.50,4,,,,,,,,,,
108,2022,BS Arch,2023-2024,2nd,"T,Th",8:30-10:00,F,8:45-9:45,30,30,30,10,11,8,11,48.58,4,,,,,,,,,,
109,2021,BS Arch,2023-2024,2nd,"T,Th",8:30-10:00,F,8:45-9:45,20,8,0,13,8,10,0,35.07,5,,,,,,,,,,
110,2022,BS Arch,2023-2024,2nd,"T,Th",8:30-10:00,F,8:45-9:45,30,30,28,11,21,9,0,57.61,2.75,,,,,,,,,,
111,2022,BS Arch,2023-2024,2nd,"T,Th",8:30-10:00,F,8:45-9:45,29,13,15,9,11,8,13,46.07,4,,,,,,,,,,
112,2022,BS Arch,2023-2024,2nd,"T,Th",8:30-10:00,F,8:45-9:45,30,25,29,12,9,9,16,53.06,3,,,,,,,,,,
113,2023,BS Math,2023-2024,2nd,"T,Th",8:30-10:00,F,8:45-9:45,30,24,25,13,18,11,20,65.19,2.25,,,,,,,,,,
114,2023,BS Math,2023-2024,2nd,"T,Th",8:30-10:00,F,8:45-9:45,30,30,29,19,20,14,24,77.50,1.75,,,,,,,,,,
115,2023,BS Math,2023-2024,2nd,"T,Th",8:30-10:00,F,8:45-9:45,30,23,29,11,15,14,0,58.33,2.75,,,,,,,,,,
116,2023,BS Math,2023-2024,2nd,"T,Th",8:30-10:00,F,8:45-9:45,30,25,21,13,9,12,12,54.32,3,,,,,,,,,,
117,2023,BS Math,2023-2024,2nd,"T,Th",8:30-10:00,F,8:45-9:45,30,30,29,18,18,16,0,68.33,2.25,,,,,,,,,,
118,2023,BS Math,2023-2024,2nd,"T,Th",8:30-10:00,F,8:45-9:45,30,23,26,24,25,19,0,81.67,1.5,,,,,,,,,,
119,2023,BS CE,2023-2024,2nd,"T,Th",8:30-10:00,F,8:45-9:45,30,30,30,10,13,10,11,51.67,3,,,,,,,,,,
120,2023,BS Math,2023-2024,2nd,"T,Th",8:30-10:00,F,8:45-9:45,27,23,23,15,15,18,22,69.33,2.25,,,,,,,,,,
121,2023,BS CS,2023-2024,2nd,"T,Th",8:30-10:00,F,8:45-9:45,30,15,18,16,15,15,17,56.40,2.75,,,,,,,,,,
122,2023,BS Math,2023-2024,2nd,"T,Th",8:30-10:00,F,8:45-9:45,30,17,18,11,15,5,12,52.64,3,,,,,,,,,,
123,2022,BS Arch,2023-2024,2nd,"T,Th",8:30-10:00,F,8:45-9:45,30,30,30,8,12,10,13,53.33,3,,,,,,,,,,
124,2023,BS Math,2023-2024,2nd,"T,Th",8:30-10:00,F,8:45-9:45,30,30,27,28,29,28,0,95.83,1,,,,,,,,,,
125,2022,BS Arch,2023-2024,2nd,"T,Th",8:30-10:00,F,8:45-9:45,30,30,29,10,11,13,0,51.80,3,,,,,,,,,,
126,2023,BS Math,2023-2024,2nd,"T,Th",8:30-10:00,F,8:45-9:45,30,25,23,20,20,16,18,71.76,2,,,,,,,,,,
127,2023,BS ECE,2023-2024,1st,"W,F",8:30-10:00,T,8:45-9:45,27,30,29,14,17,8,10,58.72,2.75,,,,,,,,,,
128,2023,BS ECE,2023-2024,1st,"W,F",8:30-10:00,T,8:45-9:45,29,30,30,18,14,11,0,60.66,2.5,,,,,,,,,,
129,2023,BS ECE,2023-2024,1st,"W,F",8:30-10:00,T,8:45-9:45,30,30,29,12,8,8,2,48.22,4,,,,,,,,,,
130,2023,BS ECE,2023-2024,1st,"W,F",8:30-10:00,T,8:45-9:45,30,30,28,17,13,13,11,60.61,2.5,,,,,,,,,,
131,2023,BS ECE,2023-2024,1st,"W,F",8:30-10:00,T,8:45-9:45,17,28,25,16,16,17,0,63.61,2.5,,,,,,,,,,
132,2023,BS ECE,2023-2024,1st,"W,F",8:30-10:00,T,8:45-9:45,17,28,28,13,8,7,13,51.31,3,,,,,,,,,,
133,2023,BS ECE,2023-2024,1st,"W,F",8:30-10:00,T,8:45-9:45,30,30,29,13,11,12,10,54.89,3,,,,,,,,,,
134,2023,BS ECE,2023-2024,1st,"W,F",8:30-10:00,T,8:45-9:45,27,30,29,12,13,8,11,54.56,3,,,,,,,,,,
135,2023,BS ECE,2023-2024,1st,"W,F",8:30-10:00,T,8:45-9:45,30,30,28,14,17,9,11,59.78,2.75,,,,,,,,,,
136,2023,BS ECE,2023-2024,1st,"W,F",8:30-10:00,T,8:45-9:45,30,30,28,15,9,10,10,53.94,3,,,,,,,,,,
137,2023,BS ECE,2023-2024,1st,"W,F",8:30-10:00,T,8:45-9:45,29,26,23,18,17,12,16,66.17,2.25,,,,,,,,,,
138,2023,BS ECE,2023-2024,1st,"W,F",8:30-10:00,T,8:45-9:45,24,26,30,19,14,12,14,61.72,2.5,,,,,,,,,,
139,2023,BS ECE,2023-2024,1st,"W,F",8:30-10:00,T,8:45-9:45,27,29,30,11,12,8,12,53.72,3,,,,,,,,,,
140,2023,BS ECE,2023-2024,1st,"W,F",8:30-10:00,T,8:45-9:45,22,30,29,14,14,13,13,58.17,2.75,,,,,,,,,,
141,2023,BS ECE,2023-2024,1st,"W,F",8:30-10:00,T,8:45-9:45,30,30,29,23,24,25,28,89.06,1.25,,,,,,,,,,
142,2023,BS ECE,2023-2024,1st,"W,F",8:30-10:00,T,8:45-9:45,28,30,29,21,21,20,0,76.33,1.75,,,,,,,,,,
143,2023,BS ECE,2023-2024,1st,"W,F",8:30-10:00,T,8:45-9:45,23,24,19,18,14,8,11,58.17,2.75,,,,,,,,,,
144,2023,BS ECE,2023-2024,1st,"W,F",8:30-10:00,T,8:45-9:45,30,30,30,19,16,16,0,67.5,2.25,,,,,,,,,,
145,2023,BS ECE,2023-2024,1st,"W,F",8:30-10:00,T,8:45-9:45,30,30,30,19,13,13,14,63.33,2.5,,,,,,,,,,
146,2023,BS ECE,2023-2024,1st,"W,F",8:30-10:00,T,8:45-9:45,29,30,28,12,12,7,14,56.33,2.75,,,,,,,,,,
147,2023,BS ECE,2023-2024,1st,"W,F",8:30-10:00,T,8:45-9:45,30,30,25,19,18,18,17,70.28,2,,,,,,,,,,
148,2023,BS ECE,2023-2024,1st,"W,F",8:30-10:00,T,8:45-9:45,30,29,28,0,13,10,7,49.67,4,,,,,,,,,,
149,2023,BS ECE,2023-2024,1st,"W,F",8:30-10:00,T,8:45-9:45,28,30,28,26,26,24,28,91.22,1,,,,,,,,,,
150,2023,BS ECE,2023-2024,1st,"W,F",8:30-10:00,T,8:45-9:45,29,28,22,15,15,11,16,62.11,2.5,,,,,,,,,,
151,2023,BS ECE,2023-2024,1st,"W,F",8:30-10:00,T,8:45-9:45,26,29,30,19,17,17,0,68.61,2.25,,,,,,,,,,
152,2023,BS ECE,2023-2024,1st,"W,F",8:30-10:00,T,8:45-9:45,29,29,24,17,14,11,16,60.34,2.5,,,,,,,,,,
153,2023,BS ECE,2023-2024,1st,"W,F",8:30-10:00,T,8:45-9:45,30,30,30,20,15,11,0,62.75,2.5,,,,,,,,,,
154,2023,BS ECE,2023-2024,1st,"W,F",8:30-10:00,T,8:45-9:45,27,30,28,15,14,13,10,59.44,2.75,,,,,,,,,,
155,2023,BS ECE,2023-2024,1st,"W,F",8:30-10:00,T,8:45-9:45,30,29,29,13,13,15,13,58.94,2.75,,,,,,,,,,
156,2023,BS CS,2023-2024,2nd,"T,H",8:30-10:00,F,8:45-9:45,30,28,25,30,17,25,28,93.39,1,,,,,,,,,,
157,2023,BS CS,2023-2024,2nd,"T,H",8:30-10:00,F,8:45-9:45,18,0,17,14,14,11,8,51.39,3,,,,,,,,,,
158,2023,BS CS,2023-2024,2nd,"T,H",8:30-10:00,F,8:45-9:45,29,30,28,15,18,14,0,63.83,2.5,,,,,,,,,,
159,2023,BS CS,2023-2024,2nd,"T,H",8:30-10:00,F,8:45-9:45,29,30,30,6,7,11,10,48.22,4,,,,,,,,,,
160,2023,BS EM,2023-2024,2nd,"T,H",8:30-10:00,F,8:45-9:45,30,27,23,7,10,9,14,51.39,3,,,,,,,,,,
161,2022,BS Geol,2023-2024,2nd,"T,H",8:30-10:00,F,8:45-9:45,29,29,25,24,16,16,19,73.39,2,,,,,,,,,,
162,2023,BS CS,2023-2024,2nd,"T,H",8:30-10:00,F,8:45-9:45,29,27,24,21,26,17,0,77.22,1.75,,,,,,,,,,
163,2023,BS MBB,2023-2024,2nd,"T,H",8:30-10:00,F,8:45-9:45,19,20,17,16,11,16,15,60.39,2.5,,,,,,,,,,
164,2022,BS CS,2023-2024,2nd,"T,H",8:30-10:00,F,8:45-9:45,24,16,17,19,16,22,22,73.83,2,,,,,,,,,,
165,2021,NON-MAJ,2023-2024,2nd,"T,H",8:30-10:00,F,8:45-9:45,26,0,0,12,0,0,0,26.44,DRP,,,,,,,,,,
166,2022,BS Arch,2023-2024,2nd,"T,H",8:30-10:00,F,8:45-9:45,29,30,30,11,10,12,13,54.89,3,,,,,,,,,,
167,2022,BS CS,2023-2024,2nd,"T,H",8:30-10:00,F,8:45-9:45,30,27,17,27,18,22,20,80.72,1.5,,,,,,,,,,
168,2023,BS MetE,2023-2024,2nd,"T,H",8:30-10:00,F,8:45-9:45,22,19,11,18,20,18,0,67.44,2.25,,,,,,,,,,
169,2022,BS ECE,2023-2024,2nd,"T,H",8:30-10:00,F,8:45-9:45,21,21,24,8,13,11,10,50.67,3,,,,,,,,,,
170,2023,BS CS,2023-2024,2nd,"T,H",8:30-10:00,F,8:45-9:45,22,16,22,14,12,10,14,49.56,4,,,,,,,,,,
171,2023,BS CS,2023-2024,2nd,"T,H",8:30-10:00,F,8:45-9:45,29,29,29,15,11,12,20,63.83,2.5,,,,,,,,,,
172,2023,BS Geol,2023-2024,2nd,"T,H",8:30-10:00,F,8:45-9:45,29,26,23,21,18,12,19,72,2,,,,,,,,,,
173,2022,BS ECE,2023-2024,2nd,"T,H",8:30-10:00,F,8:45-9:45,30,30,0,9,9,9,7,44.17,5,,,,,,,,,,
174,2023,BS GE,2023-2024,2nd,"T,H",8:30-10:00,F,8:45-9:45,22,20,19,13,17,16,18,64.28,2.5,,,,,,,,,,
175,2023,NON-MAJ,2023-2024,2nd,"T,H",8:30-10:00,F,8:45-9:45,23,22,20,18,11,9,13,57.22,2.75,,,,,,,,,,
176,2023,BS CS,2023-2024,2nd,"T,H",8:30-10:00,F,8:45-9:45,29,30,28,25,21,16,19,78.83,1.75,,,,,,,,,,
177,2022,BS Geol,2023-2024,2nd,"T,H",8:30-10:00,F,8:45-9:45,30,27,29,19,14,12,15,64.56,2.5,,,,,,,,,,
178,2023,BS CS,2023-2024,2nd,"T,H",8:30-10:00,F,8:45-9:45,10,14,10,14,17,12,17,58.78,2.75,,,,,,,,,,
179,2023,BS IE,2023-2024,2nd,"T,H",8:30-10:00,F,8:45-9:45,28,28,30,19,19,24,20,77.06,1.75,,,,,,,,,,
180,2022,BS Arch,2023-2024,2nd,"T,H",8:30-10:00,F,8:45-9:45,26,30,27,19,10,9,0,55.89,2.75,,,,,,,,,,
181,2023,BS CS,2023-2024,2nd,"T,H",8:30-10:00,F,8:45-9:45,29,30,30,12,19,15,21,70.72,2,,,,,,,,,,
182,2023,BS MBB,2024-2025,1st,"T,H",7:00-8:30,W,7:00-8:00,26,29,28,18,15,13,17,65.44,2.25,,,,,,,,,,
183,2023,BS MBB,2024-2025,1st,"T,H",7:00-8:30,W,7:00-8:00,27,27,26,19,18,12,15,66.97,2.25,,,,,,,,,,
184,2023,BS MBB,2024-2025,1st,"T,H",7:00-8:30,W,7:00-8:00,27,29,30,20,15,14,21,71.22,2,,,,,,,,,,
185,2023,BS MBB,2024-2025,1st,"T,H",7:00-8:30,W,7:00-8:00,26,24,25,13,9,10,0,46.48,4,,,,,,,,,,
186,2023,BS MBB,2024-2025,1st,"T,H",7:00-8:30,W,7:00-8:00,28,28,30,27,21,20,24,84.56,1.5,,,,,,,,,,
187,2023,BS MBB,2024-2025,1st,"T,H",7:00-8:30,W,7:00-8:00,26,25,27,20,16,10,22,71.35,2,,,,,,,,,,
188,2023,BS MBB,2024-2025,1st,"T,H",7:00-8:30,W,7:00-8:00,25,25,24,21,11,14,12,62.39,2.5,,,,,,,,,,
189,2023,BS GE,2024-2025,1st,"T,H",7:00-8:30,W,7:00-8:00,17,0,0,12,0,0,0,22.39,DRP,,,,,,,,,,
190,2023,BS MBB,2024-2025,1st,"T,H",7:00-8:30,W,7:00-8:00,19,26,24,17,16,17,14,64.28,2.5,,,,,,,,,,
191,2023,BS CE,2024-2025,1st,"T,H",7:00-8:30,W,7:00-8:00,17,7,8,11,10,10,4,39.24,5,,,,,,,,,,
192,2023,BS MBB,2024-2025,1st,"T,H",7:00-8:30,W,7:00-8:00,24,29,27,23,17,14,17,70.44,2,,,,,,,,,,
193,2021,BS MBB,2024-2025,1st,"T,H",7:00-8:30,W,7:00-8:00,2,27,7,22,25,12,23,77.33,1.75,,,,,,,,,,
194,2022,BS MBB,2024-2025,1st,"T,H",7:00-8:30,W,7:00-8:00,28,28,28,16,12,11,15,59.57,2.75,,,,,,,,,,
195,2023,BS MBB,2024-2025,1st,"T,H",7:00-8:30,W,7:00-8:00,29,26,28,22,12,12,11,62.56,2.5,,,,,,,,,,
196,2024,BS ChE,2024-2025,1st,"T,H",7:00-8:30,W,7:00-8:00,14,15,24,12,15,11,0,50.03,3,,,,,,,,,,
197,2023,BS Arch,2024-2025,1st,"T,H",7:00-8:30,W,7:00-8:00,29,25,29,19,13,14,0,59.36,2.75,,,,,,,,,,
198,2023,BS MBB,2024-2025,1st,"T,H",7:00-8:30,W,7:00-8:00,27,24,24,29,17,22,26,87.5,1.25,,,,,,,,,,
199,2023,BS MBB,2024-2025,1st,"T,H",7:00-8:30,W,7:00-8:00,21,22,22,25,22,21,0,78.49,1.75,,,,,,,,,,
200,2023,BS MBB,2024-2025,1st,"T,H",7:00-8:30,W,7:00-8:00,26,24,30,22,20,9,14,70.56,2,,,,,,,,,,
201,2023,BS CN,2024-2025,1st,"T,H",7:00-8:30,W,7:00-8:00,21,26,28,22,20,20,19,74.9,2,,,,,,,,,,
202,2023,BS MBB,2024-2025,1st,"T,H",7:00-8:30,W,7:00-8:00,28,29,30,16,15,0,22,68.03,2.25,,,,,,,,,,
203,2023,BS MatE,2024-2025,1st,"T,H",7:00-8:30,W,7:00-8:00,0,0,0,0,0,0,0,0,5,,,,,,,,,,
204,2023,BS MBB,2024-2025,1st,"T,H",7:00-8:30,W,7:00-8:00,22,28,27,20,18,13,15,67.72,2.25,,,,,,,,,,
205,2023,BS MBB,2024-2025,1st,"T,H",7:00-8:30,W,7:00-8:00,26,26,25,19,10,0,9,55.22,2.75,,,,,,,,,,
206,2022,BS MBB,2024-2025,1st,"T,H",7:00-8:30,W,7:00-8:00,27,21,23,22,19,12,16,68.34,2.25,,,,,,,,,,
207,2023,BS MBB,2024-2025,1st,"T,H",7:00-8:30,W,7:00-8:00,28,29,29,25,19,13,19,77.06,1.75,,,,,,,,,,
208,2023,BS MBB,2024-2025,1st,"T,H",7:00-8:30,W,7:00-8:00,27,27,2,13,11,9,12,51.22,3,,,,,,,,,,
209,2023,BS MBB,2024-2025,1st,"T,H",7:00-8:30,W,7:00-8:00,23,29,28,16,16,15,12,62.86,2.5,,,,,,,,,,
210,2023,BS CoE,2024-2025,1st,"T,H",7:00-8:30,W,7:00-8:00,25,19,24,10,5,9,15,49.54,4,,,,,,,,,,
211,2024,BS ECE,2024-2025,1st,"T,H",8:30-10:00,F,8:45-9:45,22,19,25,18,14,15,10,61.25,2.5,,,,,,,,,,
212,2024,BS GE,2024-2025,1st,"T,H",8:30-10:00,F,8:45-9:45,25,24,25,14,14,13,13,57.01,2.75,,,,,,,,,,
213,2024,BS ChE,2024-2025,1st,"T,H",8:30-10:00,F,8:45-9:45,21,0,0,0,0,0,0,7.18,DRP,,,,,,,,,,
214,2024,BS ECE,2024-2025,1st,"T,H",8:30-10:00,F,8:45-9:45,15,18,15,12,9,15,14,52.8,3,,,,,,,,,,
215,2024,BS GE,2024-2025,1st,"T,H",8:30-10:00,F,8:45-9:45,25,27,25,14,13,15,17,61.89,2.5,,,,,,,,,,
216,2024,BS GE,2024-2025,1st,"T,H",8:30-10:00,F,8:45-9:45,21,20,23,22,19,15,13,67.43,2.25,,,,,,,,,,
217,2024,BS GE,2024-2025,1st,"T,H",8:30-10:00,F,8:45-9:45,28,26,25,16,13,12,0,57.94,2.75,,,,,,,,,,
218,2024,BS ECE,2024-2025,1st,"T,H",8:30-10:00,F,8:45-9:45,26,27,25,12,14,22,25,74.5,2,,,,,,,,,,
219,2024,BS ECE,2024-2025,1st,"T,H",8:30-10:00,F,8:45-9:45,23,27,27,17,12,13,13,58.99,2.75,,,,,,,,,,
220,2024,BS GE,2024-2025,1st,"T,H",8:30-10:00,F,8:45-9:45,24,27,29,20,15,17,20,71.39,2,,,,,,,,,,
221,2024,BS GE,2024-2025,1st,"T,H",8:30-10:00,F,8:45-9:45,26,24,25,20,17,13,14,65.58,2.25,,,,,,,,,,
222,2024,BS EE,2024-2025,1st,"T,H",8:30-10:00,F,8:45-9:45,24,25,27,19,16,15,16,65.94,2.25,,,,,,,,,,
223,2024,BS GE,2024-2025,1st,"T,H",8:30-10:00,F,8:45-9:45,26,26,26,14,13,13,11,57,2.75,,,,,,,,,,
224,2024,BS ECE,2024-2025,1st,"T,H",8:30-10:00,F,8:45-9:45,29,30,30,24,13,22,20,79.29,1.75,,,,,,,,,,
225,2024,BS GE,2024-2025,1st,"T,H",8:30-10:00,F,8:45-9:45,25,26,28,15,11,11,13,56.28,2.75,,,,,,,,,,
226,2023,BS ME,2024-2025,1st,"T,H",8:30-10:00,F,8:45-9:45,19,20,23,14,15,17,8,57.82,2.75,,,,,,,,,,
227,2024,BS GE,2024-2025,1st,"T,H",8:30-10:00,F,8:45-9:45,25,23,26,18,15,13,15,62.37,2.5,,,,,,,,,,
228,2024,BS GE,2024-2025,1st,"T,H",8:30-10:00,F,8:45-9:45,27,26,26,13,12,14,10,56.28,2.75,,,,,,,,,,
229,2024,BS GE,2024-2025,1st,"T,H",8:30-10:00,F,8:45-9:45,24,28,29,17,19,15,17,67.54,2.25,,,,,,,,,,
230,2024,BS ChE,2024-2025,1st,"T,H",8:30-10:00,F,8:45-9:45,27,28,12,18,19,18,12,68.28,2.25,,,,,,,,,,
231,2024,BS GE,2024-2025,1st,"T,H",8:30-10:00,F,8:45-9:45,23,22,25,14,10,11,13,54.44,3,,,,,,,,,,
232,2024,BS ECE,2024-2025,1st,"T,H",8:30-10:00,F,8:45-9:45,26,22,24,24,19,15,19,74.67,2,,,,,,,,,,
233,2024,BS GE,2024-2025,1st,"T,H",8:30-10:00,F,8:45-9:45,27,22,24,16,12,15,0,58.94,2.75,,,,,,,,,,
234,2024,BS ECE,2024-2025,1st,"T,H",8:30-10:00,F,8:45-9:45,29,29,29,29,25,28,0,93,1,,,,,,,,,,
235,2023,BS ECE,2024-2025,1st,"W,F",2:30-4:00,T,2:45-3:45,19,29,29,7,9,15,8,50.22,3,,,,,,,,,,
236,2023,BS CS,2024-2025,1st,"W,F",2:30-4:00,T,2:45-3:45,13,18,16,14,13,16,11,55.81,2.75,,,,,,,,,,
237,2024,BS ChE,2024-2025,1st,"W,F",2:30-4:00,T,2:45-3:45,21,29,27,13,13,15,10,57.72,2.75,,,,,,,,,,
238,2023,BS CE,2024-2025,1st,"W,F",2:30-4:00,T,2:45-3:45,27,28,27,21,14,20,19,74.11,2,,,,,,,,,,
239,2024,BS CoE,2024-2025,1st,"W,F",2:30-4:00,T,2:45-3:45,20,23,24,17,11,15,0,57.93,2.75,,,,,,,,,,
240,2022,BS Arch,2024-2025,1st,"W,F",2:30-4:00,T,2:45-3:45,24,28,27,18,15,12,13,62.11,2.5,,,,,,,,,,
241,2023,BS Arch,2024-2025,1st,"W,F",2:30-4:00,T,2:45-3:45,24,25,28,20,17,15,0,66.89,2.25,,,,,,,,,,
242,2022,BS Arch,2024-2025,1st,"W,F",2:30-4:00,T,2:45-3:45,21,21,21,9,12,8,8,46.17,4,,,,,,,,,,
243,2023,BS Arch,2024-2025,1st,"W,F",2:30-4:00,T,2:45-3:45,22,20,29,23,20,23,0,77.89,1.75,,,,,,,,,,
244,2024,BS ChE,2024-2025,1st,"W,F",2:30-4:00,T,2:45-3:45,27,29,27,25,20,22,25,84.22,1.5,,,,,,,,,,
245,2023,BS Math,2024-2025,1st,"W,F",2:30-4:00,T,2:45-3:45,27,23,25,19,13,19,0,60.93,2.5,,,,,,,,,,
246,2023,BS Arch,2024-2025,1st,"W,F",2:30-4:00,T,2:45-3:45,23,28,29,17,15,14,13,62.22,2.5,,,,,,,,,,
247,2023,BS Arch,2024-2025,1st,"W,F",2:30-4:00,T,2:45-3:45,21,27,29,16,13,12,10,57.72,2.75,,,,,,,,,,
248,2024,BS CE,2024-2025,1st,"W,F",2:30-4:00,T,2:45-3:45,17,23,0,12,14,7,8,46.78,4,,,,,,,,,,
249,2024,BS ChE,2024-2025,1st,"W,F",2:30-4:00,T,2:45-3:45,20,14,20,20,18,12,16,65.65,2.25,,,,,,,,,,
250,2023,BS Arch,2024-2025,1st,"W,F",2:30-4:00,T,2:45-3:45,27,27,29,20,14,16,0,65.89,2.25,,,,,,,,,,
251,2023,BS Arch,2024-2025,1st,"W,F",2:30-4:00,T,2:45-3:45,9,24,29,18,11,17,14,62.72,2.5,,,,,,,,,,
252,2024,BS ChE,2024-2025,1st,"W,F",2:30-4:00,T,2:45-3:45,26,23,26,19,16,17,15,66.67,2.25,,,,,,,,,,
253,2023,BS Arch,2024-2025,1st,"W,F",2:30-4:00,T,2:45-3:45,27,28,29,23,18,15,15,71,2,,,,,,,,,,
254,2024,BS CoE,2024-2025,1st,"W,F",2:30-4:00,T,2:45-3:45,22,25,30,24,25,18,23,83.56,1.5,,,,,,,,,,
255,2023,BS ChE,2024-2025,1st,"W,F",2:30-4:00,T,2:45-3:45,20,23,24,17,16,14,0,61.06,2.5,,,,,,,,,,
256,2023,BS CS,2024-2025,1st,"W,F",2:30-4:00,T,2:45-3:45,27,25,26,22,16,20,25,79.5,1.75,,,,,,,,,,
257,2024,BS CoE,2024-2025,1st,"W,F",2:30-4:00,T,2:45-3:45,21,0,0,14,10,13,0,47.77,4,,,,,,,,,,
258,2024,BS ChE,2024-2025,1st,"W,F",2:30-4:00,T,2:45-3:45,30,30,27,28,21,21,24,85.5,1.25,,,,,,,,,,
259,2023,BS Bio,2024-2025,1st,"W,F",2:30-4:00,T,2:45-3:45,24,20,28,22,0,11,12,51.13,3,,,,,,,,,,
260,2024,BS ChE,2024-2025,1st,"W,F",2:30-4:00,T,2:45-3:45,23,25,28,18,15,19,20,70.94,2,,,,,,,,,,
261,2023,BS Arch,2024-2025,1st,"W,F",2:30-4:00,T,2:45-3:45,0,9,6,10,10,8,0,34.6,5,,,,,,,,,,
262,2020,BS Bio,2024-2025,1st,"W,F",2:30-4:00,T,2:45-3:45,24,0,0,0,0,0,0,5.17,5,,,,,,,,,,
263,2023,BS Arch,2024-2025,1st,"W,F",2:30-4:00,T,2:45-3:45,23,26,26,25,16,16,0,70.83,2,,,,,,,,,,
264,2024,BS CoE,2024-2025,1st,"W,F",2:30-4:00,T,2:45-3:45,25,27,25,16,13,15,15,61.89,2.5,,,,,,,,,,
265,2024,BS MetE,2024-2025,1st,"T,Th",7:00-8:30,W,7:00-8:00,26,19,24,9,19,16,7,59.33,2.75,,,,,,,,,,
266,2024,BS EE,2024-2025,1st,"T,Th",7:00-8:30,W,7:00-8:00,25,27,29,22,17,18,15,71.5,2,,,,,,,,,,
267,2024,BS MetE,2024-2025,1st,"T,Th",7:00-8:30,W,7:00-8:00,24,24,27,15,15,16,13,61.67,2.5,,,,,,,,,,
268,2024,BS MetE,2024-2025,1st,"T,Th",7:00-8:30,W,7:00-8:00,2,29,30,13,15,13,14,56.78,2.75,,,,,,,,,,
269,2024,BS MetE,2024-2025,1st,"T,Th",7:00-8:30,W,7:00-8:00,25,24,29,21,16,21,25,79.5,1.75,,,,,,,,,,
270,2024,BS MetE,2024-2025,1st,"T,Th",7:00-8:30,W,7:00-8:00,23,28,26,13,19,14,15,63.56,2.5,,,,,,,,,,
271,2024,BS MetE,2024-2025,1st,"T,Th",7:00-8:30,W,7:00-8:00,27,23,27,21,15,18,21,73.56,2,,,,,,,,,,
272,2024,BS MetE,2024-2025,1st,"T,Th",7:00-8:30,W,7:00-8:00,20,20,13,8,12,10,9,46.72,4,,,,,,,,,,
273,2024,BS MetE,2024-2025,1st,"T,Th",7:00-8:30,W,7:00-8:00,20,23,25,14,10,14,12,55.89,2.75,,,,,,,,,,
274,2024,BS MetE,2024-2025,1st,"T,Th",7:00-8:30,W,7:00-8:00,27,26,29,22,16,16,19,71.61,2,,,,,,,,,,
275,2024,BS ECE,2024-2025,1st,"T,Th",7:00-8:30,W,7:00-8:00,28,29,28,13,0,10,12,53.61,3,,,,,,,,,,
276,2024,BS ChE,2024-2025,1st,"T,Th",7:00-8:30,W,7:00-8:00,22,20,24,18,13,19,20,69.83,2.25,,,,,,,,,,
277,2024,BS MetE,2024-2025,1st,"T,Th",7:00-8:30,W,7:00-8:00,27,28,29,26,23,20,20,81.83,1.5,,,,,,,,,,
278,2024,BS ME,2024-2025,1st,"T,Th",7:00-8:30,W,7:00-8:00,23,22,28,22,21,16,0,72.28,2,,,,,,,,,,
279,2024,BS MetE,2024-2025,1st,"T,Th",7:00-8:30,W,7:00-8:00,23,24,26,17,14,10,13,59.78,2.75,,,,,,,,,,
280,2024,BS MetE,2024-2025,1st,"T,Th",7:00-8:30,W,7:00-8:00,22,20,24,9,13,12,8,50.67,3,,,,,,,,,,
281,2024,BS MetE,2024-2025,1st,"T,Th",7:00-8:30,W,7:00-8:00,24,24,23,18,18,20,15,69.56,2.25,,,,,,,,,,
282,2024,BS MetE,2024-2025,1st,"T,Th",7:00-8:30,W,7:00-8:00,16,22,25,13,14,12,15,57,2.75,,,,,,,,,,
283,2024,BS MetE,2024-2025,1st,"T,Th",7:00-8:30,W,7:00-8:00,23,23,26,13,12,14,14,57.17,2.75,,,,,,,,,,
284,2024,BS MetE,2024-2025,1st,"T,Th",7:00-8:30,W,7:00-8:00,19,23,9,16,14,13,15,58.17,2.75,,,,,,,,,,
285,2024,BS MetE,2024-2025,1st,"T,Th",7:00-8:30,W,7:00-8:00,22,20,19,15,17,14,0,60.11,2.5,,,,,,,,,,
286,2024,BS MetE,2024-2025,1st,"T,Th",7:00-8:30,W,7:00-8:00,21,24,26,15,17,13,10,60.39,2.5,,,,,,,,,,
287,2024,BS MetE,2024-2025,1st,"T,Th",7:00-8:30,W,7:00-8:00,20,26,25,15,10,13,9,54.56,3,,,,,,,,,,
288,2024,BS MetE,2024-2025,1st,"T,Th",7:00-8:30,W,7:00-8:00,23,24,25,13,13,12,11,54.67,3,,,,,,,,,,
289,2024,BS EE,2024-2025,1st,"T,Th",7:00-8:30,W,7:00-8:00,23,18,21,23,14,15,13,65.22,2.25,,,,,,,,,,
290,2024,BS MetE,2024-2025,1st,"T,Th",7:00-8:30,W,7:00-8:00,21,24,25,24,17,13,14,68.61,2.25,,,,,,,,,,
291,2024,BS MetE,2024-2025,1st,"T,Th",7:00-8:30,W,7:00-8:00,19,24,25,17,14,14,0,60.06,2.5,,,,,,,,,,
292,2024,BS MetE,2024-2025,1st,"T,Th",7:00-8:30,W,7:00-8:00,20,21,19,21,21,10,0,65,2.25,,,,,,,,,,
293,2024,BS MetE,2024-2025,1st,"T,Th",13:00-14:30,F,13:15-14:15,23,27,26,22,19,18,0,72.61,2,,,,,,,,,,
294,2024,BS CE,2024-2025,1st,"T,Th",13:00-14:30,F,13:15-14:15,25,30,30,15,13,12,3,57.78,2.75,,,,,,,,,,
295,2024,BS CE,2024-2025,1st,"T,Th",13:00-14:30,F,13:15-14:15,27,30,30,21,19,18,20,74.67,2,,,,,,,,,,
296,2024,BS ECE,2024-2025,1st,"T,Th",13:00-14:30,F,13:15-14:15,19,19,17,21,24,22,20,76.94,1.75,,,,,,,,,,
297,2024,BS CE,2024-2025,1st,"T,Th",13:00-14:30,F,13:15-14:15,21,22,29,16,18,8,19,67.17,2.25,,,,,,,,,,
298,2024,BS ME,2024-2025,1st,"T,Th",13:00-14:30,F,13:15-14:15,24,0,15,23,16,17,0,66,2.25,,,,,,,,,,
299,2024,BS CE,2024-2025,1st,"T,Th",13:00-14:30,F,13:15-14:15,29,30,29,19,17,15,16,68.11,2.25,,,,,,,,,,
300,2024,BS CE,2024-2025,1st,"T,Th",13:00-14:30,F,13:15-14:15,25,26,29,15,18,14,17,65.56,2.25,,,,,,,,,,
301,2024,BS EE,2024-2025,1st,"T,Th",13:00-14:30,F,13:15-14:15,20,21,24,15,14,13,13,57.22,2.75,,,,,,,,,,
302,2024,BS IE,2024-2025,1st,"T,Th",13:00-14:30,F,13:15-14:15,24,23,24,21,16,23,17,73.72,2,,,,,,,,,,
303,2024,BS MatE,2024-2025,1st,"T,Th",13:00-14:30,F,13:15-14:15,27,28,28,18,18,13,0,65.06,2.25,,,,,,,,,,
304,2024,BS MatE,2024-2025,1st,"T,Th",13:00-14:30,F,13:15-14:15,25,28,27,21,16,22,12,73.06,2,,,,,,,,,,
305,2024,BS IE,2024-2025,1st,"T,Th",13:00-14:30,F,13:15-14:15,0,19,16,15,18,16,0,59.72,2.75,,,,,,,,,,
306,2024,BS ECE,2024-2025,1st,"T,Th",13:00-14:30,F,13:15-14:15,25,18,20,23,20,14,22,76.17,1.75,,,,,,,,,,
307,2024,BS EE,2024-2025,1st,"T,Th",13:00-14:30,F,13:15-14:15,16,19,18,13,15,16,5,57.56,2.75,,,,,,,,,,
308,2024,BS EE,2024-2025,1st,"T,Th",13:00-14:30,F,13:15-14:15,27,22,27,15,13,18,20,67.61,2.25,,,,,,,,,,
309,2024,BS IE,2024-2025,1st,"T,Th",13:00-14:30,F,13:15-14:15,24,29,22,19,18,19,0,70,2,,,,,,,,,,
310,2024,BS MetE,2024-2025,1st,"T,Th",13:00-14:30,F,13:15-14:15,26,25,27,15,19,11,10,61.17,2.5,,,,,,,,,,
311,2023,BS Arch,2024-2025,1st,"T,Th",13:00-14:30,F,13:15-14:15,19,23,29,24,13,17,0,67.89,2.25,,,,,,,,,,
312,2024,BS ME,2024-2025,1st,"T,Th",13:00-14:30,F,13:15-14:15,25,24,22,26,17,17,22,77.06,1.75,,,,,,,,,,
313,2024,BS IE,2024-2025,1st,"T,Th",13:00-14:30,F,13:15-14:15,23,24,24,16,19,11,10,61.22,2.5,,,,,,,,,,
314,2023,BS ChE,2024-2025,1st,"T,Th",13:00-14:30,F,13:15-14:15,11,19,22,15,11,11,0,51.61,3,,,,,,,,,,
315,2024,BS CE,2024-2025,1st,"T,Th",14:30-16:00,F,14:45-15:45,23,23,28,9,6,10,11,48.22,4,,,,,,,,,,
316,2024,BS CoE,2024-2025,1st,"T,Th",14:30-16:00,F,14:45-15:45,27,26,25,21,20,16,22,76.17,1.75,,,,,,,,,,
317,2024,BS ChE,2024-2025,1st,"T,Th",14:30-16:00,F,14:45-15:45,21,22,26,25,16,22,21,79.33,1.75,,,,,,,,,,
318,2024,BS IE,2024-2025,1st,"T,Th",14:30-16:00,F,14:45-15:45,25,24,24,13,11,14,13,56.44,2.75,,,,,,,,,,
319,2024,BS ECE,2024-2025,1st,"T,Th",14:30-16:00,F,14:45-15:45,25,25,22,18,18,13,11,63.83,2.5,,,,,,,,,,
320,2024,BS CE,2024-2025,1st,"T,Th",14:30-16:00,F,14:45-15:45,19,22,28,10,11,19,16,61,2.5,,,,,,,,,,
321,2024,BS CE,2024-2025,1st,"T,Th",14:30-16:00,F,14:45-15:45,23,23,23,14,17,16,17,64.33,2.5,,,,,,,,,,
322,2024,BS ChE,2024-2025,1st,"T,Th",14:30-16:00,F,14:45-15:45,28,30,26,26,24,25,27,89.33,1.25,,,,,,,,,,
323,2024,BS CE,2024-2025,1st,"T,Th",14:30-16:00,F,14:45-15:45,21,27,21,23,20,20,21,76,1.75,,,,,,,,,,
324,2024,BS ECE,2024-2025,1st,"T,Th",14:30-16:00,F,14:45-15:45,25,23,23,24,18,20,24,79.56,1.75,,,,,,,,,,
325,2024,BS ChE,2024-2025,1st,"T,Th",14:30-16:00,F,14:45-15:45,25,21,26,25,16,13,19,73,2,,,,,,,,,,
326,2024,BS ECE,2024-2025,1st,"T,Th",14:30-16:00,F,14:45-15:45,25,25,28,20,17,23,14,73.67,2,,,,,,,,,,
327,2024,BS DE,2024-2025,1st,"T,Th",14:30-16:00,F,14:45-15:45,25,21,25,25,18,23,21,80.39,1.5,,,,,,,,,,
328,2024,BS ChE,2024-2025,1st,"T,Th",14:30-16:00,F,14:45-15:45,22,25,20,24,24,23,20,81.61,1.5,,,,,,,,,,
329,2024,BS CE,2024-2025,1st,"T,Th",14:30-16:00,F,14:45-15:45,17,14,12,22,16,13,11,62.28,2.5,,,,,,,,,,
330,2024,BS ChE,2024-2025,1st,"T,Th",14:30-16:00,F,14:45-15:45,21,29,27,17,13,17,20,68.56,2.25,,,,,,,,,,
331,2024,BS ChE,2024-2025,1st,"T,Th",14:30-16:00,F,14:45-15:45,20,24,26,16,11,19,13,62.78,2.5,,,,,,,,,,
332,2024,BS CE,2024-2025,1st,"T,Th",14:30-16:00,F,14:45-15:45,24,28,26,7,13,8,7,47,4,,,,,,,,,,
333,2024,BS CE,2024-2025,1st,"T,Th",14:30-16:00,F,14:45-15:45,15,18,26,16,13,19,19,66.56,2.25,,,,,,,,,,
334,2024,BS CE,2024-2025,1st,"T,Th",14:30-16:00,F,14:45-15:45,22,28,30,23,18,20,23,78.89,1.75,,,,,,,,,,
335,2024,BS CE,2024-2025,1st,"T,Th",14:30-16:00,F,14:45-15:45,23,23,14,22,16,20,26,78.33,1.75,,,,,,,,,,
336,2024,BS CE,2024-2025,1st,"T,Th",14:30-16:00,F,14:45-15:45,27,29,30,17,21,13,20,72.89,2,,,,,,,,,,
337,2024,BS CE,2024-2025,1st,"T,Th",14:30-16:00,F,14:45-15:45,26,23,28,17,17,14,17,66.06,2.25,,,,,,,,,,
338,2024,BS CE,2024-2025,1st,"T,Th",14:30-16:00,F,14:45-15:45,28,21,26,24,18,21,24,80.83,1.5,,,,,,,,,,
339,2024,BS CE,2024-2025,1st,"T,Th",14:30-16:00,F,14:45-15:45,24,24,28,18,18,18,18,68.44,2.25,,,,,,,,,,
340,2024,BS CE,2024-2025,1st,"T,Th",14:30-16:00,F,14:45-15:45,25,24,27,27,21,20,20,80.11,1.5,,,,,,,,,,
341,2024,BS CE,2024-2025,1st,"T,Th",14:30-16:00,F,14:45-15:45,29,28,26,20,17,11,16,68.39,2.25,,,,,,,,,,
342,2024,BS CE,2024-2025,1st,"T,Th",14:30-16:00,F,14:45-15:45,22,21,22,19,16,11,16,64.72,2.5,,,,,,,,,,
343,2024,BS ChE,2024-2025,1st,"T,Th",14:30-16:00,F,14:45-15:45,18,27,26,18,18,21,11,70.39,2,,,,,,,,,,
344,2024,BS ChE,2024-2025,1st,"T,Th",14:30-16:00,F,14:45-15:45,25,23,18,21,16,18,19,70.67,2,,,,,,,,,,
345,2024,BS ME,2024-2025,1st,"W,F",10:00-11:30,T,10:15-11:15,28,26,29,22,19,17,22,76.72,1.75,,,,,,,,,,
346,2024,BS EE,2024-2025,1st,"W,F",10:00-11:30,T,10:15-11:15,27,25,25,22,22,18,20,74.52,2,,,,,,,,,,
347,2024,BS ME,2024-2025,1st,"W,F",10:00-11:30,T,10:15-11:15,28,26,27,19,15,12,15,64.75,2.5,,,,,,,,,,
348,2024,BS ME,2024-2025,1st,"W,F",10:00-11:30,T,10:15-11:15,27,28,29,21,18,16,17,70.27,2,,,,,,,,,,
349,2024,BS EE,2024-2025,1st,"W,F",10:00-11:30,T,10:15-11:15,27,25,27,26,20,25,30,90.29,1,,,,,,,,,,
350,2024,BS ME,2024-2025,1st,"W,F",10:00-11:30,T,10:15-11:15,29,27,29,28,23,25,27,90.97,1,,,,,,,,,,
351,2024,BS ECE,2024-2025,1st,"W,F",10:00-11:30,T,10:15-11:15,27,18,22,17,15,20,0,63.64,2.5,,,,,,,,,,
352,2024,BS ME,2024-2025,1st,"W,F",10:00-11:30,T,10:15-11:15,25,25,26,18,20,19,0,69.68,2.25,,,,,,,,,,
353,2024,BS ME,2024-2025,1st,"W,F",10:00-11:30,T,10:15-11:15,28,25,27,18,16,16,0,64.99,2.5,,,,,,,,,,
354,2024,BS ME,2024-2025,1st,"W,F",10:00-11:30,T,10:15-11:15,28,26,26,19,12,20,21,73.75,2,,,,,,,,,,
355,2024,BS ME,2024-2025,1st,"W,F",10:00-11:30,T,10:15-11:15,29,26,23,21,19,21,25,79.36,1.75,,,,,,,,,,
356,2024,BS ECE,2024-2025,1st,"W,F",10:00-11:30,T,10:15-11:15,21,23,23,20,17,10,18,66.28,2.25,,,,,,,,,,
357,2024,BS ME,2024-2025,1st,"W,F",10:00-11:30,T,10:15-11:15,28,26,28,23,21,21,27,82.97,1.5,,,,,,,,,,
358,2024,BS ChE,2024-2025,1st,"W,F",10:00-11:30,T,10:15-11:15,27,26,29,21,23,19,25,80.91,1.5,,,,,,,,,,
359,2024,BS ME,2024-2025,1st,"W,F",10:00-11:30,T,10:15-11:15,25,26,24,20,17,17,21,70.93,2,,,,,,,,,,
360,2024,BS ME,2024-2025,1st,"W,F",10:00-11:30,T,10:15-11:15,25,26,28,17,15,16,18,63.94,2.5,,,,,,,,,,
361,2024,BS ME,2024-2025,1st,"W,F",10:00-11:30,T,10:15-11:15,28,27,27,23,20,17,21,77.30,1.75,,,,,,,,,,
362,2024,BS ECE,2024-2025,1st,"W,F",10:00-11:30,T,10:15-11:15,26,27,22,25,20,20,21,75.60,1.75,,,,,,,,,,
363,2024,BS ME,2024-2025,1st,"W,F",10:00-11:30,T,10:15-11:15,28,27,28,25,20,17,21,79.03,1.75,,,,,,,,,,
364,2024,BS CE,2024-2025,1st,"W,F",10:00-11:30,T,10:15-11:15,25,20,25,17,19,16,13,64.51,2.5,,,,,,,,,,
365,2024,BS CoE,2024-2025,1st,"W,F",10:00-11:30,T,10:15-11:15,25,26,29,25,22,22,23,81.21,1.5,,,,,,,,,,
366,2024,BS CoE,2024-2025,1st,"W,F",10:00-11:30,T,10:15-11:15,29,28,28,29,29,29,30,97.16,1,,,,,,,,,,
367,2024,BS ME,2024-2025,1st,"W,F",10:00-11:30,T,10:15-11:15,23,27,27,23,17,14,21,74.19,2,,,,,,,,,,
368,2024,BS CoE,2024-2025,1st,"W,F",10:00-11:30,T,10:15-11:15,23,20,26,27,23,17,26,84.39,1.5,,,,,,,,,,
369,2024,BS ME,2024-2025,1st,"W,F",10:00-11:30,T,10:15-11:15,30,30,30,28,25,21,24,89.03,1.25,,,,,,,,,,
370,2024,BS ECE,2024-2025,1st,"W,F",10:00-11:30,T,10:15-11:15,25,26,28,22,15,17,13,66.33,2.25,,,,,,,,,,
371,2024,BS CoE,2024-2025,1st,"W,F",10:00-11:30,T,10:15-11:15,27,26,29,25,20,20,26,80.74,1.5,,,,,,,,,,
372,2024,BS ME,2024-2025,1st,"W,F",10:00-11:30,T,10:15-11:15,24,22,29,19,15,15,19,67.13,2.25,,,,,,,,,,
373,2024,BS ECE,2024-2025,1st,"W,F",10:00-11:30,T,10:15-11:15,21,11,23,18,14,11,6,54.89,3,,,,,,,,,,
374,2024,BS ME,2024-2025,1st,"W,F",10:00-11:30,T,10:15-11:15,29,28,28,22,19,23,23,80.38,1.5,,,,,,,,,,
375,2024,BS GE,2024-2025,1st,"W,F",11:30-1:00,F,11:45-12:45,28,26,28,27,23,17,25,86.61,1.25,,,,,,,,,,
376,2024,BS CoE,2024-2025,1st,"W,F",11:30-1:00,F,11:45-12:45,21,18,24,18,23,13,0,67,2.25,,,,,,,,,,
377,2024,BS MatE,2024-2025,1st,"W,F",11:30-1:00,F,11:45-12:45,26,28,29,15,18,17,0,65.89,2.25,,,,,,,,,,
378,2024,BS GE,2024-2025,1st,"W,F",11:30-1:00,F,11:45-12:45,28,22,23,17,17,12,12,61.44,2.5,,,,,,,,,,
379,2024,BS MatE,2024-2025,1st,"W,F",11:30-1:00,F,11:45-12:45,29,28,29,21,14,16,20,72.06,2,,,,,,,,,,
380,2024,BS GE,2024-2025,1st,"W,F",11:30-1:00,F,11:45-12:45,26,27,29,17,14,15,12,62.44,2.5,,,,,,,,,,
381,2024,BS MatE,2024-2025,1st,"W,F",11:30-1:00,F,11:45-12:45,26,26,28,19,16,17,0,66.59,2.25,,,,,,,,,,
382,2024,BS MatE,2024-2025,1st,"W,F",11:30-1:00,F,11:45-12:45,29,28,30,19,13,15,11,63.83,2.5,,,,,,,,,,
383,2024,BS GE,2024-2025,1st,"W,F",11:30-1:00,F,11:45-12:45,21,26,28,19,17,15,16,66.67,2.25,,,,,,,,,,
384,2024,BS GE,2024-2025,1st,"W,F",11:30-1:00,F,11:45-12:45,25,26,27,20,21,17,16,72,2,,,,,,,,,,
385,2024,BS EE,2024-2025,1st,"W,F",11:30-1:00,F,11:45-12:45,27,25,27,24,15,20,17,74.61,2,,,,,,,,,,
386,2024,BS MatE,2024-2025,1st,"W,F",11:30-1:00,F,11:45-12:45,25,21,30,17,10,9,0,53.13,3,,,,,,,,,,
387,2024,BS ECE,2024-2025,1st,"W,F",11:30-1:00,F,11:45-12:45,25,23,21,23,18,17,17,71,2,,,,,,,,,,
388,2024,BS MatE,2024-2025,1st,"W,F",11:30-1:00,F,11:45-12:45,21,11,14,20,14,16,0,61.34,2.5,,,,,,,,,,
389,2024,BS CoE,2024-2025,1st,"W,F",11:30-1:00,F,11:45-12:45,18,21,24,22,13,17,18,69.5,2.25,,,,,,,,,,
390,2024,BS GE,2024-2025,1st,"W,F",11:30-1:00,F,11:45-12:45,27,26,28,23,18,18,15,73.17,2,,,,,,,,,,
391,2024,BS GE,2024-2025,1st,"W,F",11:30-1:00,F,11:45-12:45,21,11,0,11,10,9,0,42.61,5,,,,,,,,,,
392,2024,BS GE,2024-2025,1st,"W,F",11:30-1:00,F,11:45-12:45,27,26,29,23,23,20,26,84.11,1.5,,,,,,,,,,
393,2024,BS GE,2024-2025,1st,"W,F",11:30-1:00,F,11:45-12:45,23,19,23,11,21,16,7,62.22,2.5,,,,,,,,,,
394,2024,BS GE,2024-2025,1st,"W,F",11:30-1:00,F,11:45-12:45,27,25,28,12,15,17,17,64.72,2.5,,,,,,,,,,
395,2024,BS MatE,2024-2025,1st,"W,F",11:30-1:00,F,11:45-12:45,29,27,28,19,16,14,11,65.17,2.25,,,,,,,,,,
396,2024,BS MatE,2024-2025,1st,"W,F",11:30-1:00,F,11:45-12:45,24,21,30,15,14,16,12,60.62,2.5,,,,,,,,,,
397,2024,BS GE,2024-2025,1st,"W,F",11:30-1:00,F,11:45-12:45,15,22,23,12,17,11,12,55.6,2.75,,,,,,,,,,
398,2024,BS GE,2024-2025,1st,"W,F",11:30-1:00,F,11:45-12:45,25,23,24,13,13,14,10,56.33,2.75,,,,,,,,,,
399,2024,BS CoE,2024-2025,1st,"W,F",2:30-4:00,F,2:45-3:45,28,24,25,20,13,15,14,63.96,2.5,,,,,,,,,,
400,2024,BS GE,2024-2025,1st,"W,F",2:30-4:00,F,2:45-3:45,27,25,15,13,14,14,17,59.88,2.75,,,,,,,,,,
401,2024,BS IE,2024-2025,1st,"W,F",2:30-4:00,F,2:45-3:45,27,24,26,18,14,16,18,66.89,2.25,,,,,,,,,,
402,2024,BS GE,2024-2025,1st,"W,F",2:30-4:00,F,2:45-3:45,28,29,23,21,11,16,21,72.22,2,,,,,,,,,,
403,2024,BS IE,2024-2025,1st,"W,F",2:30-4:00,F,2:45-3:45,21,21,21,21,19,21,22,75.33,1.75,,,,,,,,,,
404,2024,BS GE,2024-2025,1st,"W,F",2:30-4:00,F,2:45-3:45,26,25,24,12,6,7,9,46.38,4,,,,,,,,,,
405,2024,BS IE,2024-2025,1st,"W,F",2:30-4:00,F,2:45-3:45,24,26,29,17,15,14,18,65.42,2.25,,,,,,,,,,
406,2024,BS IE,2024-2025,1st,"W,F",2:30-4:00,F,2:45-3:45,25,22,22,20,16,17,20,70.17,2,,,,,,,,,,
407,2024,BS IE,2024-2025,1st,"W,F",2:30-4:00,F,2:45-3:45,28,21,23,22,18,19,21,74.67,2,,,,,,,,,,
408,2024,BS GE,2024-2025,1st,"W,F",2:30-4:00,F,2:45-3:45,27,25,26,18,15,18,15,66.17,2.25,,,,,,,,,,
409,2024,BS IE,2024-2025,1st,"W,F",2:30-4:00,F,2:45-3:45,25,24,23,22,20,15,21,74.3,2,,,,,,,,,,
410,2024,BS GE,2024-2025,1st,"W,F",2:30-4:00,F,2:45-3:45,24,27,23,20,14,14,16,64.89,2.5,,,,,,,,,,
411,2024,BS GE,2024-2025,1st,"W,F",2:30-4:00,F,2:45-3:45,27,28,25,19,18,16,19,70.56,2,,,,,,,,,,
412,2024,BS CoE,2024-2025,1st,"W,F",2:30-4:00,F,2:45-3:45,20,26,24,27,16,24,26,86.94,1.25,,,,,,,,,,
413,2024,BS IE,2024-2025,1st,"W,F",2:30-4:00,F,2:45-3:45,20,24,27,21,16,15,13,65.32,2.25,,,,,,,,,,
414,2024,BS IE,2024-2025,1st,"W,F",2:30-4:00,F,2:45-3:45,25,23,23,20,15,15,19,67.89,2.25,,,,,,,,,,
415,2024,BS GE,2024-2025,1st,"W,F",2:30-4:00,F,2:45-3:45,25,28,23,15,18,16,20,68.44,2.25,,,,,,,,,,
416,2024,BS IE,2024-2025,1st,"W,F",2:30-4:00,F,2:45-3:45,24,20,25,21,16,9,12,63.5,2.5,,,,,,,,,,
417,2024,BS GE,2024-2025,1st,"W,F",2:30-4:00,F,2:45-3:45,24,20,16,24,20,17,22,76.67,1.75,,,,,,,,,,
418,2024,BS CoE,2024-2025,1st,"W,F",2:30-4:00,F,2:45-3:45,2,22,26,15,14,15,15,58.06,2.75,,,,,,,,,,
419,2024,BS IE,2024-2025,1st,"W,F",2:30-4:00,F,2:45-3:45,28,22,25,19,14,18,23,73.33,2,,,,,,,,,,
420,2024,BS CoE,2024-2025,1st,"W,F",2:30-4:00,F,2:45-3:45,23,22,20,20,17,13,14,64.72,2.5,,,,,,,,,,
421,2024,BS IE,2024-2025,1st,"W,F",2:30-4:00,F,2:45-3:45,5,14,14,0,6,12,10,39.82,5,,,,,,,,,,
422,2024,BS IE,2024-2025,1st,"W,F",2:30-4:00,F,2:45-3:45,25,24,29,20,16,23,0,71.77,2,,,,,,,,,,
423,2024,BS EM,2024-2025,1st,"W,F",2:30-4:00,F,2:45-3:45,19,18,23,15,12,10,0,52.09,3,,,,,,,,,,
424,2024,BS GE,2024-2025,1st,"W,F",2:30-4:00,F,2:45-3:45,24,22,25,23,18,16,0,70.39,2,,,,,,,,,,
425,2024,BS IE,2024-2025,1st,"W,F",2:30-4:00,F,2:45-3:45,24,23,22,16,12,15,13,59.33,2.75,,,,,,,,,,
426,2024,BS IE,2024-2025,1st,"W,F",2:30-4:00,F,2:45-3:45,3,21,26,20,18,17,23,71.39,2,,,,,,,,,,
427,2024,BS IE,2024-2025,1st,"W,F",2:30-4:00,F,2:45-3:45,20,24,20,26,23,16,23,82.11,1.5,,,,,,,,,,